{
  "mxGraphModel": {
    "root": {
      "mxCell": [
        {
          "_id": "0"
        },
        {
          "_id": "1",
          "_parent": "0"
        }
      ],
      "Process": [
        {
          "_id": "3",
          "_title": "start",
          "mxCell": {
            "_parent": "1",
            "_vertex": "1",
            "_style": "ellipse;whiteSpace=wrap;html=1;aspect=fixed;dashed=1;shadow=0;opacity=70;",
            "mxGeometry": {
              "_as": "geometry",
              "_width": "70",
              "_height": "70"
            }
          }
        },
        {
          "_id": "4",
          "_title": "dragAndDrop",
          "mxCell": {
            "_parent": "1",
            "_vertex": "1",
            "_style": "rectangle;whiteSpace=wrap;html=1;dashed=1;shadow=0;opacity=70;",
            "mxGeometry": {
              "_as": "geometry",
              "_width": "200",
              "_height": "50"
            }
          }
        },
        {
          "_id": "5",
          "_title": "end",
          "mxCell": {
            "_parent": "1",
            "_vertex": "1",
            "_style": "ellipse;whiteSpace=wrap;html=1;aspect=fixed;dashed=1;shadow=0;opacity=70;",
            "mxGeometry": {
              "_as": "geometry",
              "_width": "70",
              "_height": "70"
            }
          }
        }
      ],
      "Connector": [
        {
          "_label": "",
          "mxCell": {
            "_parent": "1",
            "_source": "3",
            "_target": "4",
            "_style": "edgeStyle=orthogonalEdgeStyle;rounded=0;html=1;exitX=0.5;exitY=1;entryX=0.5;entryY=0;jettySize=auto;orthogonalLoop=1;dashed=1;shadow=0;opacity=50;",
            "_edge": "1",
            "mxGeometry": {
              "_relative": "1",
              "_as": "geometry"
            }
          }
        },
        {
          "_label": "",
          "mxCell": {
            "_parent": "1",
            "_source": "4",
            "_target": "5",
            "_edge": "1",
            "_style": "edgeStyle=orthogonalEdgeStyle;rounded=0;html=1;exitX=0.5;exitY=1;entryX=0.5;entryY=0;jettySize=auto;orthogonalLoop=1;dashed=1;shadow=0;opacity=50;",
            "mxGeometry": {
              "_relative": "1",
              "_as": "geometry"
            }
          }
        }
      ]
    }
  }
}
